<?xml version="1.0" encoding="UTF-8"?><?xml-stylesheet type='text/xsl' href='_UpgradeReport_Files/UpgradeReport.xslt'?><UpgradeLog>
<Properties><Property Name="Solution" Value="YK5_Forum">
</Property><Property Name="Solution File" Value="F:\Online Discuss Forum\YK5_Forum\YK5_Forum.sln">
</Property><Property Name="User Options File" Value="F:\Online Discuss Forum\YK5_Forum\YK5_Forum.suo">
</Property><Property Name="Date" Value="Monday, February 14, 2011">
</Property><Property Name="Time" Value="11:57 AM">
</Property></Properties><Event ErrorLevel="0" Project="" Source="YK5_Forum.sln" Description="File successfully backed up as F:\Online Discuss Forum\YK5_Forum\Backup\YK5_Forum.sln">
</Event><Event ErrorLevel="0" Project="" Source="YK5_Forum.suo" Description="File successfully backed up as F:\Online Discuss Forum\YK5_Forum\Backup\YK5_Forum.suo">
</Event><Event ErrorLevel="1" Project="YK5_Forum" Source="http://localhost/ODF_Old_17.08.07/YK5_Forum.csproj" Description="Warning: The project file is being backed up to a relative path that differs from the original solution relative path.  The difference in folder hierarchy may create problems in opening or building the backed up solution and project.">
</Event><Event ErrorLevel="2" Project="http://localhost/ODF_Old_17.08.07/YK5_Forum.csproj" Source="http://localhost/ODF_Old_17.08.07/YK5_Forum.csproj" Description="ERROR: Failed to back up Web site http://localhost/ODF_Old_17.08.07/YK5_Forum.csproj">
</Event><Event ErrorLevel="0" Project="" Source="YK5_Forum.sln" Description="Solution converted successfully">
</Event><Event ErrorLevel="3" Project="" Source="YK5_Forum.sln" Description="Converted">
</Event></UpgradeLog>